t2_uh5kn4roh	Financial calculator 	
t2_9ryu1mc3	What are the odds of passing Econ 201 and 203 without studying?	
t2_ddzhjirp	Is math 209 the only one getting the multiple choice format change	
t2_t7eo4uvn	Need Somebody to love	
t2_p0e7v8tuz	Is JMSB really hard to get into?	
t2_t46y0meb	Esl Concordia	
t2_v5ppxjvq	Math 208 Formulae	
t2_ags6iyjt	Math 203 Midterm 	
t2_14gqks	Math 201 midterm	
t2_1596i7	What's your rent in 2024 and do you have roommate(s)	
t2_1bletnmi4u	Why is Gad Saad Allowed to Teach?	
t2_19jbj19d7v	Chem 205 	
t2_hqj95vplt	Math 208 Midterm	
t2_ibm1w6sy	No terms are available at this time	
t2_13taj6rpl9	Midterm 204	
t2_4asz3a4a	Computer Science Master thesis-based experience	
t2_o0mqpjhw	Is there a group chat for MATH205? 	
t2_1bbkaldmi7	Changing degree from Bsc to Ba	
t2_npu0lbjfl	Math 205 midterm? How did you guys find it? 	
t2_1aldeh0e31	Internal transfer question 	
t2_15dukizl7u	math 203 midterm 	
t2_byqzeyw9	math 204	
t2_qa0rt	Comm 308 midterm exam prep	
t2_shaj3	MATH 205 Minimum Grade, BCompSc	
t2_c08giyll	Lost an ipad in math 205 midterm pls if u have any info let me know	
t2_lz6x5msh	Coop	
t2_6rhlgs6jv	What happens if i fail a class?	
t2_80w7ne7l	engr 213 project Ben Hersey	
t2_5ccbc5e2	ENGR 213 Project with Paradis	
t2_oof1s27z	Sisters and spooks: Grey Nuns and other Montreal haunts	
t2_7ebtr1n0	If u have a goyard bag, u a bop.	
t2_q5vkvtxzf	skipping midterm 	
t2_ftlmp4jey	If I miss the  Econ 203 midterm do I need to provide reason or is the weight automatically shifted to the next midterm?	
t2_2sdqrbpd	Urgent. Need a calculator 	
t2_u80bnrjt	good luck on ur midterms &lt;3	
t2_asp5cjk4	Sgw campus	
t2_1b7ne5rga8	Admission (Confused)	
t2_17p849svnx	COMP  348 midterm	
t2_22qzh6pe	econ203 midterm 1	
t2_1l43h8y7	Math 203 Midterm webwork practice 	
t2_spnu5kjs	Final Exam Schedule	
t2_1aikyffqrv	Acco 320	
t2_9ryu1mc3	Econ 201 and 203	
t2_35k6z8ot	SOEN 287 midterm	
t2_5m482lpg	Looking for teammate ENGR 213 Project	
t2_vak52hq23	Concordia merch for cheap/free	
t2_22qzh6pe	is it just me or classroom doors are harder to open?	
t2_c7ua15ph	Does anybody have the mock test 1 of econ201? 	
t2_cr6jduu2	WizePrep Midterm Mock COMM 308 	
t2_v0g0ug37	john or wizeprep for COMM214 and COMM221 final prep? 	
