t2_um1cwhpoh	PHIL 240 with Hasana Sharp	
t2_w3dys4rhn	Visual schedule builder 	
t2_v16xpot2	I've studied in Fr*nch my whole life, is Mcgill still a good option?	
t2_55z78oqu	phil 210 midterm	
t2_6dx9bmmuu	Help regarding withdrawal	
t2_1bb68hzn0h	Crowdsourcing list of study spots on campus	
t2_3q9cwthf	Has anyone gone through the U.S accreditation process	
t2_10hnup0l6y	Help me pick my winter schedule 	
t2_3rfbw9dc	Is a Master’s Degree worth pursuing in my case?	
t2_shqyc0kkv	psyc 337 / psyc 412 / nsci 201 syllabi	
t2_fyryp6vxn	WHEN DO THEY TURN ON THE HEAT???	
t2_l5xevi3ai	bioc311 midterm grades	
t2_yg460lg01	Seeking university students for a feedback intervention study on perfectionism and daily events!	
t2_1igqssjl	Help to find accomodation	
t2_7qp2mh5h	Where can I learn how to drive?	
t2_ga37mv4k	What’s my chances of getting my midterm deferral approved. 	
t2_p6y4s0ysr	HOW are we not all falling in love when campus is THIS romantic come fall ? 	
t2_1ahgxzs4e9	Options in case of possible course failure? 	
t2_15caw5bio1	MATH 180 Midterm date	
t2_1biqxx7ivg	Skipping club meeting to see visiting out-of-province best friend? 	
t2_1w73fmrr	myProgress 502 Error?	
t2_7425r8vh	McGill! Rushadicus, the Cello Goblin, plays P'tit Ours on Friday, 10/26! Do not miss this baffling virtuoso! 	
t2_w3dys4rhn	Relg338	
t2_2ykaexuh	What are your thoughts on the (nearly forgotten) McGill "snail trail" and would you like to see it expanded to the extent shown here?	
t2_90emeelk	Studying abroad 2025	
t2_18c4o5	Carnival &amp; Hypeweek	
t2_1boe8g14c0	So what's the secret to doing well in PHGY/ANAT?	
t2_ce2jvfay2	Mcgill gym free?	
t2_ott109ch	To whomever left a rotting pear in LEA 132	
t2_g5kjngyzx	COMP 549 as a second year?	
t2_90d3izf6	Choice of minor	
t2_16f35d6xij	Anyone else have a persistant sore throat? (living in rez in particular)	
t2_sh9gu9gd	To the girl who found and returned my phone in Education building - THANK YOU	
t2_l2fg1k5t	Recommendation letters	
t2_bh9tppch	ANTH 319 Midterm grades	
t2_ht1uldhq	MATH223 deferred midterm1	
t2_p2hfmnd4w	Asking help to finding this mcgill backpack (probably adidas brand)	
t2_6l4z3	good news monday	
t2_a15raz7r	COMP273, COMP302, MATH240, ECON230D1, ECON304	
t2_4gikycdk	so many ladybugs yesterday	
t2_8ch9bonf	this is a serious message with peace and love	
t2_p64oytdp	mgcr 271 midterm	
t2_shqyc0kkv	psyc 311	
t2_gwrc7f9dt	Where to get CGMG 282 Introduction to Business Notes book?	
t2_8nxn719x	Ahh McGill! I miss you	
t2_xcyy6rsqo	Pharmacology bachelor	
t2_hmt8fd9a	Missing a Conference Due to a Migraine	
t2_12a75srewa	MATH222 fall 2024 (calculus 3) is hell	
t2_d7u94s3t	Health Science related design or reseach  clubs at McGill	
t2_l8337h5cw	opus card renewal as a full time student for one semester	
