t2_4lfieggg	Min C- Grade for 200 level (comp sci)	courses_and_grades
t2_clizwwku	This uni makes me wanna kns	personal_help
t2_kgkemf9y	COMM 225	courses_and_grades
t2_n7zhe	Any degenerate daytraders at Concordia?	social_and_events
t2_hq19g2a8d	PHYS 284 EC	courses_and_grades
t2_kjgzrffoh	COMP 248 midterm	exams_and_projects
t2_16w28ypbfv	How do I get student care ID?	personal_help
t2_8szhrlr0	COMP 248 midterm	exams_and_projects
t2_192dez5k5d	Xavier Ottenwaelder	courses_and_grades
t2_16l3n1w9bh	Looking to buy a ConU Outdoors Cabin Ticket	social_and_events
t2_6n1cp9np	COEN 231 Second Midterm	exams_and_projects
t2_90kifr2z	No cops on campus insanity	social_and_events
t2_i1j85kxq	Best places to eat	campus_tips
t2_1c0um28hep	Grades (France)	courses_and_grades
t2_8riopuj5	TA application	career_help
t2_q8ijc1or	BA with an Education Minor? experience w education program in general? (EDUC)	courses_and_grades
t2_4n85xnu3	Transferring into JMSB	courses_and_grades
t2_66u235si	Big Data Analytics - SOEN 6111 in Winter	courses_and_grades
t2_dvyl7dhe2	Quebec perspective bursary denied	personal_help
t2_12v73efadd	Book a room for external students	campus_tips
